Learning Rate,Test Accuracy
0.001,0.9825000166893005
0.01,0.9725000262260437
0.1,0.9800000190734863
